<?xml version="1.0"?>
<pagescount>
	<html_total>1</html_total>
	<html_done>1</html_done>
	<img>31</img>
	<js>20</js>
	<css>8</css>
	<pdf/>
	<doc/>
	<xls/>
	<ppt/>
	<swf/>
	<mp3/>
	<mp4/>
	<wav/>
	<xml/>
	<json/>
	<txt/>
	<fonts>8</fonts>
	<scraping_reload>1</scraping_reload>
	<is_pretty_url>false</is_pretty_url>
	<is_ebn>false</is_ebn>
	<theme_name>177338</theme_name>
	<server_url_front_page>https://www6.waybackmachinedownloader.com/wdo/files/demo/quomodosoft.com_bgvinay09_gmail.com_jmmj3wm0axj/</server_url_front_page>
	<no_www_url>quomodosoft.com</no_www_url>
	<hosted_domain/>
	<original_archive_url>http://quomodosoft.com/html/build/</original_archive_url>
	<final_archive_url>http://quomodosoft.com/html/build/</final_archive_url>
	<front_page_code_date/>
	<total_urls_from_api/>
	<search_url_added>false</search_url_added>
	<total_size>12604</total_size>
</pagescount>
